EDGEDUMP	0xd0a10	user=1	std=0	dep=0	unk=0	dwarf=TP	path=/home/user/Videos/unhusk/realval/work/dust/src/platform.rs
EDGEDUMP	0xdda00	user=7	std=0	dep=0	unk=0	dwarf=FP	path=/rustc/9ec5d5f32e19d250c7fbeaa90978c79105b39dee/library/std/src/sys/backtrace.rs
EDGEDUMP	0xe6730	user=1	std=1	dep=0	unk=0	dwarf=TP	path=/home/user/Videos/unhusk/realval/work/dust/src/display_node.rs
EDGEDUMP	0xead70	user=8	std=10	dep=0	unk=0	dwarf=TP	path=/home/user/Videos/unhusk/realval/work/dust/src/main.rs
EDGEDUMP	0xf6350	user=4	std=3	dep=2	unk=0	dwarf=TP	path=/home/user/Videos/unhusk/realval/work/dust/src/main.rs
EDGEDUMP	0x109980	user=2	std=1	dep=0	unk=0	dwarf=TP	path=/home/user/Videos/unhusk/realval/work/dust/src/dir_walker.rs
EDGEDUMP	0x109e90	user=1	std=0	dep=0	unk=0	dwarf=TP	path=/home/user/Videos/unhusk/realval/work/dust/src/dir_walker.rs
EDGEDUMP	0x10ad20	user=1	std=0	dep=0	unk=0	dwarf=TP	path=/home/user/Videos/unhusk/realval/work/dust/src/node.rs
EDGEDUMP	0x10b490	user=1	std=0	dep=8	unk=0	dwarf=TP	path=/home/user/Videos/unhusk/realval/work/dust/src/config.rs
EDGEDUMP	0x10bfd0	user=2	std=0	dep=0	unk=0	dwarf=TP	path=/home/user/Videos/unhusk/realval/work/dust/src/config.rs
EDGEDUMP	0x10c220	user=1	std=0	dep=4	unk=0	dwarf=TP	path=/home/user/Videos/unhusk/realval/work/dust/src/config.rs
EDGEDUMP	0x10d220	user=1	std=0	dep=0	unk=0	dwarf=TP	path=/home/user/Videos/unhusk/realval/work/dust/src/display.rs
EDGEDUMP	0x10e6a0	user=2	std=1	dep=25	unk=0	dwarf=TP	path=/home/user/Videos/unhusk/realval/work/dust/src/display.rs
EDGEDUMP	0x114ff0	user=1	std=0	dep=0	unk=0	dwarf=TP	path=/home/user/Videos/unhusk/realval/work/dust/src/display.rs
EDGEDUMP	0x1156c0	user=2	std=0	dep=0	unk=0	dwarf=TP	path=/home/user/Videos/unhusk/realval/work/dust/src/display.rs
EDGEDUMP	0x115c70	user=1	std=0	dep=0	unk=0	dwarf=TP	path=/home/user/Videos/unhusk/realval/work/dust/src/progress.rs
EDGEDUMP	0x116400	user=1	std=0	dep=0	unk=0	dwarf=FP	path=/rustc/9ec5d5f32e19d250c7fbeaa90978c79105b39dee/library/core/src/iter/adapters/filter_map.rs
