EDGEDUMP	0x11bad0	user=2	std=6	dep=1	unk=0	dwarf=FP	path=/rustc/9ec5d5f32e19d250c7fbeaa90978c79105b39dee/library/std/src/sys/backtrace.rs
EDGEDUMP	0x11e5e0	user=1	std=1	dep=0	unk=0	dwarf=FP	path=/rustc/9ec5d5f32e19d250c7fbeaa90978c79105b39dee/library/std/src/sys/backtrace.rs
EDGEDUMP	0x121dd0	user=1	std=1	dep=10	unk=0	dwarf=FP	path=/rustc/9ec5d5f32e19d250c7fbeaa90978c79105b39dee/library/std/src/sync/once.rs
EDGEDUMP	0x122fb0	user=1	std=1	dep=0	unk=0	dwarf=FP	path=/rustc/9ec5d5f32e19d250c7fbeaa90978c79105b39dee/library/std/src/sync/once.rs
EDGEDUMP	0x123b50	user=1	std=0	dep=0	unk=0	dwarf=TP	path=/home/user/Videos/unhusk/realval/work/fd/src/walk.rs
EDGEDUMP	0x127320	user=1	std=1	dep=0	unk=0	dwarf=FP	path=/rustc/9ec5d5f32e19d250c7fbeaa90978c79105b39dee/library/core/src/ops/function.rs
EDGEDUMP	0x1279c0	user=1	std=2	dep=1	unk=0	dwarf=TP	path=/home/user/Videos/unhusk/realval/work/fd/src/main.rs
EDGEDUMP	0x1344a0	user=2	std=0	dep=0	unk=0	dwarf=UNK	path=
EDGEDUMP	0x139c70	user=2	std=0	dep=5	unk=0	dwarf=UNK	path=
EDGEDUMP	0x13b3e0	user=3	std=3	dep=0	unk=0	dwarf=UNK	path=
EDGEDUMP	0x13da60	user=4	std=5	dep=4	unk=0	dwarf=UNK	path=
EDGEDUMP	0x145ea0	user=8	std=0	dep=1	unk=0	dwarf=UNK	path=
EDGEDUMP	0x146580	user=1	std=0	dep=0	unk=0	dwarf=UNK	path=
EDGEDUMP	0x14ab10	user=1	std=0	dep=0	unk=0	dwarf=FP	path=/rustc/9ec5d5f32e19d250c7fbeaa90978c79105b39dee/library/core/src/iter/adapters/mod.rs
EDGEDUMP	0x14bc00	user=1	std=0	dep=0	unk=0	dwarf=FP	path=/rustc/9ec5d5f32e19d250c7fbeaa90978c79105b39dee/library/core/src/iter/adapters/mod.rs
EDGEDUMP	0x176500	user=2	std=0	dep=0	unk=0	dwarf=TP	path=/home/user/Videos/unhusk/realval/work/fd/src/walk.rs
EDGEDUMP	0x17aeb0	user=1	std=1	dep=5	unk=0	dwarf=FP	path=/home/user/.cargo/registry/src/index.crates.io-1949cf8c6b5b557f/clap_builder-4.6.0/src/builder/value_parser.rs
