EDGEDUMP	0xf7900	user=1	std=0	dep=0	unk=0	dwarf=TP	path=/home/user/Videos/unhusk/realval/work/grex/src/main.rs
EDGEDUMP	0x1078d0	user=1	std=0	dep=0	unk=0	dwarf=FP	path=/rustc/9ec5d5f32e19d250c7fbeaa90978c79105b39dee/library/alloc/src/vec/spec_from_iter_nested.rs
EDGEDUMP	0x10c630	user=1	std=0	dep=0	unk=0	dwarf=UNK	path=
EDGEDUMP	0x10c670	user=1	std=0	dep=0	unk=0	dwarf=UNK	path=
EDGEDUMP	0x113060	user=1	std=0	dep=0	unk=0	dwarf=FP	path=/rustc/9ec5d5f32e19d250c7fbeaa90978c79105b39dee/library/alloc/src/vec/spec_from_iter_nested.rs
EDGEDUMP	0x114d80	user=1	std=0	dep=0	unk=0	dwarf=FP	path=/rustc/9ec5d5f32e19d250c7fbeaa90978c79105b39dee/library/core/src/iter/adapters/map.rs
EDGEDUMP	0x119530	user=3	std=1	dep=6	unk=0	dwarf=UNK	path=
EDGEDUMP	0x11aba0	user=1	std=1	dep=0	unk=0	dwarf=UNK	path=
EDGEDUMP	0x11da80	user=1	std=0	dep=0	unk=0	dwarf=FP	path=/rustc/9ec5d5f32e19d250c7fbeaa90978c79105b39dee/library/core/src/slice/sort/shared/smallsort.rs
EDGEDUMP	0x11e120	user=1	std=0	dep=0	unk=0	dwarf=FP	path=/rustc/9ec5d5f32e19d250c7fbeaa90978c79105b39dee/library/core/src/slice/sort/shared/smallsort.rs
EDGEDUMP	0x11ebe0	user=1	std=0	dep=0	unk=0	dwarf=FP	path=/rustc/9ec5d5f32e19d250c7fbeaa90978c79105b39dee/library/core/src/slice/sort/shared/smallsort.rs
EDGEDUMP	0x120570	user=1	std=0	dep=0	unk=0	dwarf=FP	path=/rustc/9ec5d5f32e19d250c7fbeaa90978c79105b39dee/library/core/src/slice/sort/shared/smallsort.rs
EDGEDUMP	0x123740	user=1	std=0	dep=0	unk=0	dwarf=TP	path=/home/user/Videos/unhusk/realval/work/grex/src/format.rs
EDGEDUMP	0x1280b0	user=1	std=0	dep=0	unk=0	dwarf=FP	path=/rustc/9ec5d5f32e19d250c7fbeaa90978c79105b39dee/library/core/src/slice/sort/stable/drift.rs
EDGEDUMP	0x12bf70	user=1	std=0	dep=0	unk=0	dwarf=FP	path=/rustc/9ec5d5f32e19d250c7fbeaa90978c79105b39dee/library/core/src/slice/sort/shared/pivot.rs
EDGEDUMP	0x12c3b0	user=1	std=0	dep=0	unk=0	dwarf=FP	path=/rustc/9ec5d5f32e19d250c7fbeaa90978c79105b39dee/library/core/src/slice/sort/stable/merge.rs
EDGEDUMP	0x131ad0	user=22	std=1	dep=1	unk=0	dwarf=UNK	path=
EDGEDUMP	0x138490	user=2	std=2	dep=2	unk=0	dwarf=TP	path=/home/user/Videos/unhusk/realval/work/grex/src/cluster.rs
EDGEDUMP	0x13c250	user=1	std=2	dep=0	unk=0	dwarf=FP	path=/rustc/9ec5d5f32e19d250c7fbeaa90978c79105b39dee/library/core/src/slice/sort/stable/quicksort.rs
EDGEDUMP	0x13e4a0	user=2	std=0	dep=0	unk=0	dwarf=UNK	path=
EDGEDUMP	0x13ede0	user=1	std=0	dep=0	unk=0	dwarf=UNK	path=
EDGEDUMP	0x13eeb0	user=1	std=0	dep=1	unk=0	dwarf=UNK	path=
EDGEDUMP	0x140450	user=3	std=0	dep=0	unk=0	dwarf=UNK	path=
